Alpha,Gamma,Coherence,Num_Topics
0.31,1,0.4087450422130339,10
0.31,2,0.38875797652628974,11
0.61,1,0.4023047475872514,10
0.91,1,0.4380023707216294,10
0.91,2,0.4240254603872774,13
