Alpha,Gamma,Coherence,Num_Topics
0.31,1,0.48474917075635,10
0.31,2,0.4767567494783293,10
0.61,1,0.4813506475054538,12
0.91,1,0.45603202977399565,11
